policy,week,cash_difference_mean,cash_difference_median,debt_remaining_difference_mean,debt_remaining_difference_median,net_worth_after_debt_difference_mean,net_worth_after_debt_difference_median,shop_purchase_count_difference_mean,shop_purchase_count_difference_median,shop_trade_count_difference_mean,shop_trade_count_difference_median,missed_purchase_due_to_cash_difference_mean,missed_purchase_due_to_cash_difference_median,inventory_expansion_spending_difference_mean,inventory_expansion_spending_difference_median
moderate,1,-511.636,0.0,-511.636,0.0,0.0,0.0,0.0,0.0,0.0,0.0,0.0,0.0,0.0,0.0
moderate,2,-781.2235,0.0,-986.8455,0.0,-74.082,0.0,-0.028,0.0,-0.038,0.0,0.018,0.0,-140.0,0.0
moderate,4,-1501.01825,0.0,-2273.62225,0.0,-132.026,0.0,-0.152,0.0,-0.24,0.0,0.13,0.0,-945.0,0.0
moderate,8,-1697.30625,0.0,-4832.11425,0.0,-160.606,0.0,-0.556,0.0,-0.926,0.0,0.374,0.0,-3515.0,0.0
moderate,12,-4173.716875,0.0,-5852.342875,0.0,-1182.366,0.0,-1.678,0.0,-3.0,0.0,1.69,0.0,-5960.0,0.0
aggressive,1,-4202.078,0.0,-4202.078,0.0,0.0,0.0,0.0,0.0,0.0,0.0,0.0,0.0,0.0,0.0
aggressive,2,-4074.294,0.0,-6504.598,0.0,960.99,0.0,-0.18,0.0,-0.236,0.0,0.068,0.0,-1780.0,0.0
aggressive,4,-5010.464,0.0,-10943.374,0.0,920.516,0.0,-0.854,0.0,-1.36,0.0,0.742,0.0,-5510.0,0.0
aggressive,8,-5977.646,0.0,-14743.722,-3390.5,-3368.47,0.0,-3.796,0.0,-6.564,0.0,4.038,0.0,-15525.0,0.0
aggressive,12,-15889.02,0.0,-14071.018,-5746.5,-13731.976,0.0,-8.526,0.0,-15.688,0.0,9.588,0.0,-23125.0,0.0
