item_id,item_class,item_type,item_tier,purchase_day,purchase_week,final_purchase_price,purchase_appraised_price,current_appraised_price,shop_listing_price,days_in_inventory,player_visible_json
46,WARRIOR,one_handed_sword,1,19,3,1665,2775,2775,3330,65,"{""tier"": {""knowledge_state"": ""EXACT"", ""displayed_value"": 1}, ""concrete_stats"": [{""knowledge_state"": ""EXACT"", ""displayed_value"": {""stat_id"": ""strength"", ""actual_value"": 8, ""display_unit"": ""FLAT""}}, {""knowledge_state"": ""EXACT"", ""displayed_value"": {""stat_id"": ""attack"", ""actual_value"": 6, ""display_unit"": ""FLAT""}}], ""properties"": {""reinforcement"": {""knowledge_state"": ""UNAPPRAISED_GUESS"", ""displayed_value"": ""PERFECT""}, ""refining"": {""knowledge_state"": ""UNAPPRAISED_GUESS"", ""displayed_value"": 0}, ""amplification"": {""knowledge_state"": ""UNAPPRAISED_GUESS"", ""displayed_value"": ""ONE_LINE_LOW""}, ""stability"": {""knowledge_state"": ""UNAPPRAISED_GUESS"", ""displayed_value"": 100}, ""special_property"": {""knowledge_state"": ""UNAPPRAISED_GUESS"", ""displayed_value"": ""NONE_RELEVANT""}, ""unique_property"": {""knowledge_state"": ""UNAPPRAISED_GUESS"", ""displayed_value"": ""LOW""}}}"
58,WARRIOR,spear,1,24,4,1584,1800,2175,2160,60,"{""tier"": {""knowledge_state"": ""EXACT"", ""displayed_value"": 1}, ""concrete_stats"": [{""knowledge_state"": ""EXACT"", ""displayed_value"": {""stat_id"": ""attack"", ""actual_value"": 10, ""display_unit"": ""FLAT""}}], ""properties"": {""reinforcement"": {""knowledge_state"": ""UNAPPRAISED_GUESS"", ""displayed_value"": ""PERFECT""}, ""refining"": {""knowledge_state"": ""UNAPPRAISED_GUESS"", ""displayed_value"": 4}, ""amplification"": {""knowledge_state"": ""UNAPPRAISED_GUESS"", ""displayed_value"": ""UNAPPLIED""}, ""stability"": {""knowledge_state"": ""UNAPPRAISED_GUESS"", ""displayed_value"": 33}, ""special_property"": {""knowledge_state"": ""UNAPPRAISED_GUESS"", ""displayed_value"": ""RELEVANT""}, ""unique_property"": {""knowledge_state"": ""UNAPPRAISED_GUESS"", ""displayed_value"": ""LOW""}}}"
117,ARCHER,bow,4,58,9,1609,2925,1500,3510,26,"{""tier"": {""knowledge_state"": ""EXACT"", ""displayed_value"": 4}, ""concrete_stats"": [{""knowledge_state"": ""EXACT"", ""displayed_value"": {""stat_id"": ""attack"", ""actual_value"": 28, ""display_unit"": ""FLAT""}}], ""properties"": {""reinforcement"": {""knowledge_state"": ""UNAPPRAISED_GUESS"", ""displayed_value"": ""BAD""}, ""refining"": {""knowledge_state"": ""UNAPPRAISED_GUESS"", ""displayed_value"": 6}, ""amplification"": {""knowledge_state"": ""UNAPPRAISED_GUESS"", ""displayed_value"": ""ZERO_LINE""}, ""stability"": {""knowledge_state"": ""UNAPPRAISED_GUESS"", ""displayed_value"": 77}, ""special_property"": {""knowledge_state"": ""UNAPPRAISED_GUESS"", ""displayed_value"": ""HIGH_RELEVANT""}, ""unique_property"": {""knowledge_state"": ""UNAPPRAISED_GUESS"", ""displayed_value"": ""NONE""}}}"
118,ARCHER,bow,3,58,9,6614,12025,8775,14430,26,"{""tier"": {""knowledge_state"": ""EXACT"", ""displayed_value"": 3}, ""concrete_stats"": [{""knowledge_state"": ""EXACT"", ""displayed_value"": {""stat_id"": ""dexterity"", ""actual_value"": 16, ""display_unit"": ""FLAT""}}, {""knowledge_state"": ""EXACT"", ""displayed_value"": {""stat_id"": ""strength"", ""actual_value"": 15, ""display_unit"": ""FLAT""}}, {""knowledge_state"": ""EXACT"", ""displayed_value"": {""stat_id"": ""attack"", ""actual_value"": 34, ""display_unit"": ""FLAT""}}], ""properties"": {""reinforcement"": {""knowledge_state"": ""UNAPPRAISED_GUESS"", ""displayed_value"": ""UNENHANCED""}, ""refining"": {""knowledge_state"": ""UNAPPRAISED_GUESS"", ""displayed_value"": 0}, ""amplification"": {""knowledge_state"": ""UNAPPRAISED_GUESS"", ""displayed_value"": ""ZERO_LINE""}, ""stability"": {""knowledge_state"": ""UNAPPRAISED_GUESS"", ""displayed_value"": 88}, ""special_property"": {""knowledge_state"": ""UNAPPRAISED_GUESS"", ""displayed_value"": ""HIGH_RELEVANT""}, ""unique_property"": {""knowledge_state"": ""UNAPPRAISED_GUESS"", ""displayed_value"": ""HIGH""}}}"
121,ROGUE,throwing_weapon,2,60,9,3724,3724,3334,3689,24,"{""tier"": {""knowledge_state"": ""EXACT"", ""displayed_value"": 2}, ""concrete_stats"": [{""knowledge_state"": ""EXACT"", ""displayed_value"": {""stat_id"": ""luck"", ""actual_value"": 13, ""display_unit"": ""FLAT""}}, {""knowledge_state"": ""EXACT"", ""displayed_value"": {""stat_id"": ""attack"", ""actual_value"": 10, ""display_unit"": ""FLAT""}}, {""knowledge_state"": ""EXACT"", ""displayed_value"": {""stat_id"": ""luck"", ""actual_value"": 3, ""display_unit"": ""FLAT""}}, {""knowledge_state"": ""EXACT"", ""displayed_value"": {""stat_id"": ""strength"", ""actual_value"": 3, ""display_unit"": ""FLAT""}}, {""knowledge_state"": ""EXACT"", ""displayed_value"": {""stat_id"": ""luck"", ""actual_value"": 3, ""display_unit"": ""FLAT""}}], ""properties"": {""reinforcement"": {""knowledge_state"": ""UNAPPRAISED_GUESS"", ""displayed_value"": ""PERFECT""}, ""refining"": {""knowledge_state"": ""UNAPPRAISED_GUESS"", ""displayed_value"": 8}, ""amplification"": {""knowledge_state"": ""UNAPPRAISED_GUESS"", ""displayed_value"": ""UNAPPLIED""}, ""stability"": {""knowledge_state"": ""UNAPPRAISED_GUESS"", ""displayed_value"": 90}, ""special_property"": {""knowledge_state"": ""UNAPPRAISED_GUESS"", ""displayed_value"": ""NONE_RELEVANT""}, ""unique_property"": {""knowledge_state"": ""UNAPPRAISED_GUESS"", ""displayed_value"": ""LOW""}}}"
130,WARRIOR,one_handed_sword,1,63,9,1518,1725,1475,2070,21,"{""tier"": {""knowledge_state"": ""EXACT"", ""displayed_value"": 1}, ""concrete_stats"": [{""knowledge_state"": ""EXACT"", ""displayed_value"": {""stat_id"": ""strength"", ""actual_value"": 8, ""display_unit"": ""FLAT""}}, {""knowledge_state"": ""EXACT"", ""displayed_value"": {""stat_id"": ""attack"", ""actual_value"": 4, ""display_unit"": ""FLAT""}}], ""properties"": {""reinforcement"": {""knowledge_state"": ""UNAPPRAISED_GUESS"", ""displayed_value"": ""BAD""}, ""refining"": {""knowledge_state"": ""UNAPPRAISED_GUESS"", ""displayed_value"": 6}, ""amplification"": {""knowledge_state"": ""UNAPPRAISED_GUESS"", ""displayed_value"": ""ONE_LINE_HIGH""}, ""stability"": {""knowledge_state"": ""UNAPPRAISED_GUESS"", ""displayed_value"": 60}, ""special_property"": {""knowledge_state"": ""UNAPPRAISED_GUESS"", ""displayed_value"": ""RELEVANT""}, ""unique_property"": {""knowledge_state"": ""UNAPPRAISED_GUESS"", ""displayed_value"": ""LOW""}}}"
137,WARRIOR,one_handed_sword,1,66,10,2280,2850,2625,3420,18,"{""tier"": {""knowledge_state"": ""EXACT"", ""displayed_value"": 1}, ""concrete_stats"": [{""knowledge_state"": ""EXACT"", ""displayed_value"": {""stat_id"": ""strength"", ""actual_value"": 8, ""display_unit"": ""FLAT""}}, {""knowledge_state"": ""EXACT"", ""displayed_value"": {""stat_id"": ""attack"", ""actual_value"": 6, ""display_unit"": ""FLAT""}}, {""knowledge_state"": ""EXACT"", ""displayed_value"": {""stat_id"": ""armor_penetration"", ""actual_value"": 7.1, ""display_unit"": ""PERCENT""}}], ""properties"": {""reinforcement"": {""knowledge_state"": ""UNAPPRAISED_GUESS"", ""displayed_value"": ""PERFECT""}, ""refining"": {""knowledge_state"": ""UNAPPRAISED_GUESS"", ""displayed_value"": 0}, ""amplification"": {""knowledge_state"": ""UNAPPRAISED_GUESS"", ""displayed_value"": ""ONE_LINE_LOW""}, ""stability"": {""knowledge_state"": ""UNAPPRAISED_GUESS"", ""displayed_value"": 46}, ""special_property"": {""knowledge_state"": ""UNAPPRAISED_GUESS"", ""displayed_value"": ""HIGH_RELEVANT""}, ""unique_property"": {""knowledge_state"": ""UNAPPRAISED_GUESS"", ""displayed_value"": ""LOW""}}}"
143,ARCHER,crossbow,3,68,10,10632,12082,7208,14498,16,"{""tier"": {""knowledge_state"": ""EXACT"", ""displayed_value"": 3}, ""concrete_stats"": [{""knowledge_state"": ""EXACT"", ""displayed_value"": {""stat_id"": ""dexterity"", ""actual_value"": 14, ""display_unit"": ""FLAT""}}, {""knowledge_state"": ""EXACT"", ""displayed_value"": {""stat_id"": ""strength"", ""actual_value"": 16, ""display_unit"": ""FLAT""}}, {""knowledge_state"": ""EXACT"", ""displayed_value"": {""stat_id"": ""attack"", ""actual_value"": 29, ""display_unit"": ""FLAT""}}, {""knowledge_state"": ""EXACT"", ""displayed_value"": {""stat_id"": ""armor_penetration"", ""actual_value"": 5.2, ""display_unit"": ""PERCENT""}}], ""properties"": {""reinforcement"": {""knowledge_state"": ""UNAPPRAISED_GUESS"", ""displayed_value"": ""UNENHANCED""}, ""refining"": {""knowledge_state"": ""UNAPPRAISED_GUESS"", ""displayed_value"": 9}, ""amplification"": {""knowledge_state"": ""UNAPPRAISED_GUESS"", ""displayed_value"": ""THREE_LINE_LOW""}, ""stability"": {""knowledge_state"": ""UNAPPRAISED_GUESS"", ""displayed_value"": 100}, ""special_property"": {""knowledge_state"": ""UNAPPRAISED_GUESS"", ""displayed_value"": ""HIGH_RELEVANT""}, ""unique_property"": {""knowledge_state"": ""UNAPPRAISED_GUESS"", ""displayed_value"": ""LOW""}}}"
146,WARRIOR,one_handed_sword,1,71,11,2178,2475,2250,2970,13,"{""tier"": {""knowledge_state"": ""EXACT"", ""displayed_value"": 1}, ""concrete_stats"": [{""knowledge_state"": ""EXACT"", ""displayed_value"": {""stat_id"": ""strength"", ""actual_value"": 4, ""display_unit"": ""FLAT""}}, {""knowledge_state"": ""EXACT"", ""displayed_value"": {""stat_id"": ""luck"", ""actual_value"": 5, ""display_unit"": ""FLAT""}}, {""knowledge_state"": ""EXACT"", ""displayed_value"": {""stat_id"": ""attack"", ""actual_value"": 5, ""display_unit"": ""FLAT""}}], ""properties"": {""reinforcement"": {""knowledge_state"": ""UNAPPRAISED_GUESS"", ""displayed_value"": ""BAD""}, ""refining"": {""knowledge_state"": ""UNAPPRAISED_GUESS"", ""displayed_value"": 0}, ""amplification"": {""knowledge_state"": ""UNAPPRAISED_GUESS"", ""displayed_value"": ""ZERO_LINE""}, ""stability"": {""knowledge_state"": ""UNAPPRAISED_GUESS"", ""displayed_value"": 100}, ""special_property"": {""knowledge_state"": ""UNAPPRAISED_GUESS"", ""displayed_value"": ""HIGH_RELEVANT""}, ""unique_property"": {""knowledge_state"": ""UNAPPRAISED_GUESS"", ""displayed_value"": ""LOW""}}}"
147,WARRIOR,axe,2,71,11,1680,3054,2874,3665,13,"{""tier"": {""knowledge_state"": ""EXACT"", ""displayed_value"": 2}, ""concrete_stats"": [{""knowledge_state"": ""EXACT"", ""displayed_value"": {""stat_id"": ""strength"", ""actual_value"": 8, ""display_unit"": ""FLAT""}}, {""knowledge_state"": ""EXACT"", ""displayed_value"": {""stat_id"": ""luck"", ""actual_value"": 8, ""display_unit"": ""FLAT""}}, {""knowledge_state"": ""EXACT"", ""displayed_value"": {""stat_id"": ""attack"", ""actual_value"": 8, ""display_unit"": ""FLAT""}}, {""knowledge_state"": ""EXACT"", ""displayed_value"": {""stat_id"": ""strength"", ""actual_value"": 6, ""display_unit"": ""FLAT""}}, {""knowledge_state"": ""EXACT"", ""displayed_value"": {""stat_id"": ""luck"", ""actual_value"": 5, ""display_unit"": ""FLAT""}}], ""properties"": {""reinforcement"": {""knowledge_state"": ""UNAPPRAISED_GUESS"", ""displayed_value"": ""GOOD""}, ""refining"": {""knowledge_state"": ""UNAPPRAISED_GUESS"", ""displayed_value"": 8}, ""amplification"": {""knowledge_state"": ""UNAPPRAISED_GUESS"", ""displayed_value"": ""TWO_LINE_LOW""}, ""stability"": {""knowledge_state"": ""UNAPPRAISED_GUESS"", ""displayed_value"": 64}, ""special_property"": {""knowledge_state"": ""UNAPPRAISED_GUESS"", ""displayed_value"": ""NONE_RELEVANT""}, ""unique_property"": {""knowledge_state"": ""UNAPPRAISED_GUESS"", ""displayed_value"": ""NONE""}}}"
151,MAGE,grimoire,2,72,11,3144,3144,2984,3581,12,"{""tier"": {""knowledge_state"": ""EXACT"", ""displayed_value"": 2}, ""concrete_stats"": [{""knowledge_state"": ""EXACT"", ""displayed_value"": {""stat_id"": ""intelligence"", ""actual_value"": 13, ""display_unit"": ""FLAT""}}, {""knowledge_state"": ""EXACT"", ""displayed_value"": {""stat_id"": ""magic_power"", ""actual_value"": 19, ""display_unit"": ""FLAT""}}, {""knowledge_state"": ""EXACT"", ""displayed_value"": {""stat_id"": ""critical_chance"", ""actual_value"": 3.0, ""display_unit"": ""PERCENT""}}, {""knowledge_state"": ""EXACT"", ""displayed_value"": {""stat_id"": ""luck"", ""actual_value"": 2, ""display_unit"": ""FLAT""}}, {""knowledge_state"": ""EXACT"", ""displayed_value"": {""stat_id"": ""luck"", ""actual_value"": 3, ""display_unit"": ""FLAT""}}], ""properties"": {""reinforcement"": {""knowledge_state"": ""UNAPPRAISED_GUESS"", ""displayed_value"": ""BAD""}, ""refining"": {""knowledge_state"": ""UNAPPRAISED_GUESS"", ""displayed_value"": 1}, ""amplification"": {""knowledge_state"": ""UNAPPRAISED_GUESS"", ""displayed_value"": ""TWO_LINE_LOW""}, ""stability"": {""knowledge_state"": ""UNAPPRAISED_GUESS"", ""displayed_value"": 56}, ""special_property"": {""knowledge_state"": ""UNAPPRAISED_GUESS"", ""displayed_value"": ""RELEVANT""}, ""unique_property"": {""knowledge_state"": ""UNAPPRAISED_GUESS"", ""displayed_value"": ""NONE""}}}"
160,WARRIOR,spear,2,80,12,4066,7392,7392,8870,4,"{""tier"": {""knowledge_state"": ""EXACT"", ""displayed_value"": 2}, ""concrete_stats"": [{""knowledge_state"": ""EXACT"", ""displayed_value"": {""stat_id"": ""strength"", ""actual_value"": 16, ""display_unit"": ""FLAT""}}, {""knowledge_state"": ""EXACT"", ""displayed_value"": {""stat_id"": ""attack"", ""actual_value"": 18, ""display_unit"": ""FLAT""}}, {""knowledge_state"": ""EXACT"", ""displayed_value"": {""stat_id"": ""critical_chance"", ""actual_value"": 9.9, ""display_unit"": ""PERCENT""}}, {""knowledge_state"": ""EXACT"", ""displayed_value"": {""stat_id"": ""divine_power"", ""actual_value"": 2, ""display_unit"": ""FLAT""}}, {""knowledge_state"": ""EXACT"", ""displayed_value"": {""stat_id"": ""divine_power"", ""actual_value"": 3, ""display_unit"": ""FLAT""}}, {""knowledge_state"": ""EXACT"", ""displayed_value"": {""stat_id"": ""luck"", ""actual_value"": 3, ""display_unit"": ""FLAT""}}], ""properties"": {""reinforcement"": {""knowledge_state"": ""UNAPPRAISED_GUESS"", ""displayed_value"": ""GOOD""}, ""refining"": {""knowledge_state"": ""UNAPPRAISED_GUESS"", ""displayed_value"": 7}, ""amplification"": {""knowledge_state"": ""UNAPPRAISED_GUESS"", ""displayed_value"": ""THREE_LINE_LOW""}, ""stability"": {""knowledge_state"": ""UNAPPRAISED_GUESS"", ""displayed_value"": 55}, ""special_property"": {""knowledge_state"": ""UNAPPRAISED_GUESS"", ""displayed_value"": ""HIGH_RELEVANT""}, ""unique_property"": {""knowledge_state"": ""UNAPPRAISED_GUESS"", ""displayed_value"": ""HIGH""}}}"
161,ARCHER,crossbow,1,81,12,908,1815,1815,2178,3,"{""tier"": {""knowledge_state"": ""EXACT"", ""displayed_value"": 1}, ""concrete_stats"": [{""knowledge_state"": ""EXACT"", ""displayed_value"": {""stat_id"": ""dexterity"", ""actual_value"": 4, ""display_unit"": ""FLAT""}}, {""knowledge_state"": ""EXACT"", ""displayed_value"": {""stat_id"": ""strength"", ""actual_value"": 4, ""display_unit"": ""FLAT""}}, {""knowledge_state"": ""EXACT"", ""displayed_value"": {""stat_id"": ""attack"", ""actual_value"": 5, ""display_unit"": ""FLAT""}}, {""knowledge_state"": ""EXACT"", ""displayed_value"": {""stat_id"": ""divine_power"", ""actual_value"": 2, ""display_unit"": ""FLAT""}}, {""knowledge_state"": ""EXACT"", ""displayed_value"": {""stat_id"": ""intelligence"", ""actual_value"": 2, ""display_unit"": ""FLAT""}}], ""properties"": {""reinforcement"": {""knowledge_state"": ""UNAPPRAISED_GUESS"", ""displayed_value"": ""GOOD""}, ""refining"": {""knowledge_state"": ""UNAPPRAISED_GUESS"", ""displayed_value"": 5}, ""amplification"": {""knowledge_state"": ""UNAPPRAISED_GUESS"", ""displayed_value"": ""THREE_LINE_LOW""}, ""stability"": {""knowledge_state"": ""UNAPPRAISED_GUESS"", ""displayed_value"": 79}, ""special_property"": {""knowledge_state"": ""UNAPPRAISED_GUESS"", ""displayed_value"": ""NONE_RELEVANT""}, ""unique_property"": {""knowledge_state"": ""UNAPPRAISED_GUESS"", ""displayed_value"": ""NONE""}}}"
162,GUNNER,heavy_weapon,3,81,12,4991,9075,9075,10890,3,"{""tier"": {""knowledge_state"": ""EXACT"", ""displayed_value"": 3}, ""concrete_stats"": [{""knowledge_state"": ""EXACT"", ""displayed_value"": {""stat_id"": ""dexterity"", ""actual_value"": 23, ""display_unit"": ""FLAT""}}, {""knowledge_state"": ""EXACT"", ""displayed_value"": {""stat_id"": ""attack"", ""actual_value"": 20, ""display_unit"": ""FLAT""}}], ""properties"": {""reinforcement"": {""knowledge_state"": ""UNAPPRAISED_GUESS"", ""displayed_value"": ""MIXED""}, ""refining"": {""knowledge_state"": ""UNAPPRAISED_GUESS"", ""displayed_value"": 7}, ""amplification"": {""knowledge_state"": ""UNAPPRAISED_GUESS"", ""displayed_value"": ""ONE_LINE_HIGH""}, ""stability"": {""knowledge_state"": ""UNAPPRAISED_GUESS"", ""displayed_value"": 68}, ""special_property"": {""knowledge_state"": ""UNAPPRAISED_GUESS"", ""displayed_value"": ""NONE_RELEVANT""}, ""unique_property"": {""knowledge_state"": ""UNAPPRAISED_GUESS"", ""displayed_value"": ""LOW""}}}"
163,WARRIOR,spear,2,82,12,1276,2320,2320,2784,2,"{""tier"": {""knowledge_state"": ""EXACT"", ""displayed_value"": 2}, ""concrete_stats"": [{""knowledge_state"": ""EXACT"", ""displayed_value"": {""stat_id"": ""strength"", ""actual_value"": 16, ""display_unit"": ""FLAT""}}, {""knowledge_state"": ""EXACT"", ""displayed_value"": {""stat_id"": ""attack"", ""actual_value"": 8, ""display_unit"": ""FLAT""}}], ""properties"": {""reinforcement"": {""knowledge_state"": ""UNAPPRAISED_GUESS"", ""displayed_value"": ""UNENHANCED""}, ""refining"": {""knowledge_state"": ""UNAPPRAISED_GUESS"", ""displayed_value"": 4}, ""amplification"": {""knowledge_state"": ""UNAPPRAISED_GUESS"", ""displayed_value"": ""UNAPPLIED""}, ""stability"": {""knowledge_state"": ""UNAPPRAISED_GUESS"", ""displayed_value"": 46}, ""special_property"": {""knowledge_state"": ""UNAPPRAISED_GUESS"", ""displayed_value"": ""HIGH_RELEVANT""}, ""unique_property"": {""knowledge_state"": ""UNAPPRAISED_GUESS"", ""displayed_value"": ""NONE""}}}"
165,ARCHER,bow,3,83,12,9048,9425,9425,11310,1,"{""tier"": {""knowledge_state"": ""EXACT"", ""displayed_value"": 3}, ""concrete_stats"": [{""knowledge_state"": ""EXACT"", ""displayed_value"": {""stat_id"": ""dexterity"", ""actual_value"": 12, ""display_unit"": ""FLAT""}}, {""knowledge_state"": ""EXACT"", ""displayed_value"": {""stat_id"": ""divine_power"", ""actual_value"": 12, ""display_unit"": ""FLAT""}}, {""knowledge_state"": ""EXACT"", ""displayed_value"": {""stat_id"": ""attack"", ""actual_value"": 17, ""display_unit"": ""FLAT""}}], ""properties"": {""reinforcement"": {""knowledge_state"": ""UNAPPRAISED_GUESS"", ""displayed_value"": ""PERFECT""}, ""refining"": {""knowledge_state"": ""UNAPPRAISED_GUESS"", ""displayed_value"": 1}, ""amplification"": {""knowledge_state"": ""UNAPPRAISED_GUESS"", ""displayed_value"": ""TWO_LINE_LOW""}, ""stability"": {""knowledge_state"": ""UNAPPRAISED_GUESS"", ""displayed_value"": 90}, ""special_property"": {""knowledge_state"": ""UNAPPRAISED_GUESS"", ""displayed_value"": ""HIGH_RELEVANT""}, ""unique_property"": {""knowledge_state"": ""UNAPPRAISED_GUESS"", ""displayed_value"": ""NONE""}}}"
166,GUNNER,gun,1,83,12,1783,2229,2229,2675,1,"{""tier"": {""knowledge_state"": ""EXACT"", ""displayed_value"": 1}, ""concrete_stats"": [{""knowledge_state"": ""EXACT"", ""displayed_value"": {""stat_id"": ""dexterity"", ""actual_value"": 7, ""display_unit"": ""FLAT""}}, {""knowledge_state"": ""EXACT"", ""displayed_value"": {""stat_id"": ""attack"", ""actual_value"": 10, ""display_unit"": ""FLAT""}}, {""knowledge_state"": ""EXACT"", ""displayed_value"": {""stat_id"": ""element_damage"", ""actual_value"": 9.7, ""display_unit"": ""PERCENT""}}], ""properties"": {""reinforcement"": {""knowledge_state"": ""UNAPPRAISED_GUESS"", ""displayed_value"": ""GOOD""}, ""refining"": {""knowledge_state"": ""UNAPPRAISED_GUESS"", ""displayed_value"": 3}, ""amplification"": {""knowledge_state"": ""UNAPPRAISED_GUESS"", ""displayed_value"": ""TWO_LINE_LOW""}, ""stability"": {""knowledge_state"": ""UNAPPRAISED_GUESS"", ""displayed_value"": 86}, ""special_property"": {""knowledge_state"": ""UNAPPRAISED_GUESS"", ""displayed_value"": ""RELEVANT""}, ""unique_property"": {""knowledge_state"": ""UNAPPRAISED_GUESS"", ""displayed_value"": ""LOW""}}}"
167,ARCHER,crossbow,4,84,12,30319,55125,55125,66150,0,"{""tier"": {""knowledge_state"": ""EXACT"", ""displayed_value"": 4}, ""concrete_stats"": [{""knowledge_state"": ""EXACT"", ""displayed_value"": {""stat_id"": ""dexterity"", ""actual_value"": 23, ""display_unit"": ""FLAT""}}, {""knowledge_state"": ""EXACT"", ""displayed_value"": {""stat_id"": ""strength"", ""actual_value"": 18, ""display_unit"": ""FLAT""}}, {""knowledge_state"": ""EXACT"", ""displayed_value"": {""stat_id"": ""attack"", ""actual_value"": 69, ""display_unit"": ""FLAT""}}, {""knowledge_state"": ""EXACT"", ""displayed_value"": {""stat_id"": ""element_damage"", ""actual_value"": 5.0, ""display_unit"": ""PERCENT""}}], ""properties"": {""reinforcement"": {""knowledge_state"": ""UNAPPRAISED_GUESS"", ""displayed_value"": ""MIXED""}, ""refining"": {""knowledge_state"": ""UNAPPRAISED_GUESS"", ""displayed_value"": 0}, ""amplification"": {""knowledge_state"": ""UNAPPRAISED_GUESS"", ""displayed_value"": ""THREE_LINE_HIGH""}, ""stability"": {""knowledge_state"": ""UNAPPRAISED_GUESS"", ""displayed_value"": 34}, ""special_property"": {""knowledge_state"": ""UNAPPRAISED_GUESS"", ""displayed_value"": ""RELEVANT""}, ""unique_property"": {""knowledge_state"": ""UNAPPRAISED_GUESS"", ""displayed_value"": ""LOW""}}}"
