action,day,item_id,cost,capacity,scrap_revenue,scrap_cost_basis,scrap_realized_loss,cash_before,cash_after
EXPAND_INVENTORY,6,,10000,11,,,,76364.0,66364.0
EXPAND_INVENTORY,10,,10000,12,,,,44104.0,34104.0
EXPAND_INVENTORY,11,,10000,13,,,,31208.0,21208.0
EXPAND_INVENTORY,12,,10000,14,,,,45486.0,35486.0
EXPAND_INVENTORY,12,,10000,15,,,,34171.0,24171.0
EXPAND_INVENTORY,12,,10000,16,,,,23225.0,13225.0
EXPAND_INVENTORY,14,,10000,17,,,,17391.0,7391.0
EXPAND_INVENTORY,40,,10000,18,,,,70865.0,60865.0
EXPAND_INVENTORY,40,,10000,19,,,,59893.0,49893.0
EXPAND_INVENTORY,40,,10000,20,,,,47595.0,37595.0
